IdMeal,Meal,Ingredient1,Ingredient2,Ingredient3,Ingredient4,Ingredient5,Ingredient6,Ingredient7,Ingredient8,Ingredient9
52768,Apple Frangipan Tart,digestive biscuits,butter,Bramley apples,"butter, softened",caster sugar,"free-range eggs, beaten",ground almonds,almond extract,flaked almonds
52893,Apple & Blackberry Crumble,Plain Flour,Caster Sugar,Butter,Braeburn Apples,Butter,Demerara Sugar,Blackberrys,Cinnamon,Ice Cream
52767,Bakewell tart,plain flour,chilled butter,cold water,raspberry jam,butter,caster sugar,ground almonds,"free-range egg, beaten",almond extract
52792,Bread and Butter Pudding,butter,bread,sultanas,cinnamon,milk,double cream,eggs,sugar,nutmeg
52803,Beef Wellington,mushrooms,English Mustard,Olive Oil,Beef Fillet,Parma ham,Puff Pastry,Flour,Egg Yolks,
52807,Baingan Bharta,Aubergine,Onion,Tomatoes,Garlic,Green Chili,Red Chili Powder,Oil,Coriander Leaves,salt
52812,Beef Brisket Pot Roast,Beef Brisket,Salt,Onion,Garlic,Thyme,Rosemary,Bay Leaves,beef stock,Carrots
52824,Beef Sunday Roast,Beef,Broccoli,Potatoes,Carrots,plain flour,Eggs,milk,sunflower oil,
52826,Braised Beef Chilli,Beef,Onions,Garlic,Olive oil,Chorizo,Cumin,All spice,Cloves,Cinnamon stick
52834,Beef stroganoff,Olive Oil,Onions,Garlic,Butter,Mushrooms,Beef Fillet,Plain Flour,Creme Fraiche,English Mustard
52842,Broccoli & Stilton soup,Rapeseed Oil,Onion,Celery,Leek,Potatoes,Butter,Vegetable Stock,Broccoli,Stilton Cheese
52848,Bean & Sausage Hotpot,Sausages,Tomato Sauce,Butter Beans,Black Treacle,English Mustard,,,,
52855,Banana Pancakes,Banana,Eggs,Baking Powder,Vanilla Extract,Oil,Pecan Nuts,Raspberries,,
52873,Beef Dumpling Stew,Olive Oil,Butter,Beef,Plain Flour,Garlic,Onions,Celery,Carrots,Leek
52874,Beef and Mustard Pie,Beef,Plain Flour,Rapeseed Oil,Red Wine,Beef Stock,Onion,Carrots,Thyme,Mustard
52878,Beef and Oyster pie,Beef,Olive Oil,Shallots,Garlic,Bacon,Thyme,Bay Leaf,Stout,Beef Stock
52891,Blackberry Fool,Hazlenuts,Butter,Caster Sugar,Lemon,Plain Flour,Baking Powder,Blackberrys,Sugar,Caster Sugar
52894,Battenberg Cake,Butter,Caster Sugar,Self-raising Flour,Almonds,Baking Powder,Eggs,Vanilla Extract,Almond Extract,Butter
52904,Beef Bourguignon,Goose Fat,Beef Shin,Bacon,Challots,Chestnut Mushroom,Garlic Clove,Bouquet Garni,Tomato Puree,Red Wine
52913,Brie wrapped in prosciutto & brioche,Plain Flour,Caster Sugar,Yeast,Milk,Eggs,Eggs,Butter,Brie,Prosciutto
52914,Boulangère Potatoes,Onions,Thyme,Olive Oil,Potatoes,Vegetable Stock,,,,
52928,BeaverTails,Water,Yeast,Sugar,Milk,Butter,Eggs,Salt,Flour,Oil
52940,Brown Stew Chicken,Chicken,Tomato,Onions,Garlic Clove,Red Pepper,Carrots,Lime,Thyme,Allspice
52952,Beef Lo Mein,Beef,Salt,Pepper,Sesame Seed Oil,Egg,Starch,Oil,Noodles,Onion
52959,Baked salmon with fennel & tomatoes,Fennel,Parsley,Lemon,Cherry Tomatoes,Olive Oil,Salmon,Black Olives,,
52961,Budino Di Ricotta,Ricotta,Eggs,Flour,Sugar,Cinnamon,Lemons,Dark Rum,Icing Sugar,
52965,Breakfast Potatoes,Potatoes,Olive Oil,Bacon,Garlic Clove,Maple Syrup,Parsley,Salt,Pepper,Allspice
52979,Bitterballen (Dutch meatballs),Butter,Flour,Beef Stock,Onion,Parsley,Beef,Salt,Pepper,Nutmeg
52995,BBQ Pork Sloppy Joes,Potatoes,Red Onions,Garlic,Lime,Bread,Pork,Barbeque Sauce,Hotsauce,Tomato Ketchup
52997,"Beef Banh Mi Bowls with Sriracha Mayo, Carrot & Pickled Cucumber",Rice,Onion,Lime,Garlic Clove,Cucumber,Carrots,Ground Beef,Soy Sauce,
53013,Big Mac,Minced Beef,Olive Oil,Sesame Seed Burger Buns,Onion,Iceberg Lettuce,Cheese,Dill Pickles,Mayonnaise,White Wine Vinegar
53018,Bigos (Hunters Stew),Bacon,Kielbasa,Pork,Flour,Garlic,Onion,Mushrooms,Cabbage,Sauerkraut
53036,Boxty Breakfast,Potatoes,Spring Onions,Plain Flour,Egg White,Milk,Bicarbonate Of Soda,Butter,Vegetable Oil,Cherry Tomatoes
52776,Chocolate Gateau,Plain chocolate,Butter,Milk,Eggs,Granulated Sugar,Flour,,,
52765,Chicken Enchilada Casserole,Enchilada sauce,shredded Monterey Jack cheese,corn tortillas,chicken breasts,,,,,
52779,Cream Cheese Tart,Flour,Butter,Egg,Salt,Cheese,Milk,Eggs,Parmesan Cheese,Plum tomatoes
52788,Christmas Pudding Flapjack,salted butter,dark soft brown sugar,golden syrup,orange,rolled oats,Christmas pudding,,,
52795,Chicken Handi,Chicken,Onion,Tomatoes,Garlic,Ginger paste,Vegetable oil,Cumin seeds,Coriander seeds,Turmeric powder
52796,Chicken Alfredo Primavera,Butter,Olive Oil,Chicken,Salt,Squash,Broccoli,mushrooms,Pepper,onion
52818,Chicken Fajita Mac and Cheese,macaroni,chicken stock,heavy cream,fajita seasoning,salt,chicken breast,olive oil,onion,red pepper
52819,Cajun spiced fish tacos,cajun,cayenne pepper,white fish,vegetable oil,flour tortilla,avocado,little gem lettuce,spring onion,salsa
52830,Crock Pot Chicken Baked Tacos,Chicken Breasts,Vinaigrette Dressing,Cumin,Smoked Paprika,Garlic,Refried Beans,Hard Taco Shells,Shredded Mexican Cheese,Grape Tomatoes
52831,Chicken Karaage,Chicken thigh,Ginger,Garlic,Soy sauce,Sake,Granulated sugar,Potato starch,Vegetable oil,Lemon
52832,Coq au vin,Olive Oil,Bacon,Shallots,Chicken Legs,Chicken Thighs,Chicken Breasts,Garlic,Brandy,Red Wine
52839,Chilli prawn linguine,Linguine Pasta,Sugar Snap Peas,Olive Oil,Garlic Clove,Red Chilli,King Prawns,Cherry Tomatoes,Basil Leaves,Lettuce
52840,Clam chowder,Clams,Butter,Bacon,Onion,Thyme,Bay Leaf,Plain Flour,Milk,Double Cream
52841,Creamy Tomato Soup,Olive Oil,Onions,Celery,Carrots,Potatoes,Bay Leaf,Tomato Puree,Sugar,White Vinegar
52846,Chicken & mushroom Hotpot,Butter,Onion,Mushrooms,Plain Flour,Chicken Stock Cube,Nutmeg,Mustard Powder,Chicken,Sweetcorn
52850,Chicken Couscous,Olive Oil,Onion,Chicken Breast,Ginger,Harissa Spice,Dried Apricots,Chickpeas,Couscous,Chicken Stock
52853,Chocolate Avocado Mousse,Banana,Cacao,Avocado,Honey,Lemon Juice,Vanilla,Water,Sea Salt,
52856,Choc Chip Pecan Pie,Plain Flour,Butter,Cream Cheese,Icing Sugar,Butter,Maple Syrup,Light Brown Soft Sugar,Dark Brown Soft Sugar,Eggs
52860,Chocolate Raspberry Brownies,Dark Chocolate,Milk Chocolate,Salted Butter,Light Brown Soft Sugar,Eggs,Plain Flour,Cocoa,Raspberries,
52870,Chickpea Fajitas,Chickpeas,Olive Oil,Paprika,Tomatoes,Red Onions,Red Wine Vinegar,Avocado,Lime,Lime
52875,Chicken Ham and Leek Pie,Chicken Stock,Chicken Breast,Butter,Leek,Garlic,Plain Flour,Milk,White Wine,Double Cream
52879,Chicken Parmentier,Potatoes,Butter,Double Cream,Egg Yolks,Butter,Shallots,Carrots,Celery,Garlic Clove
52897,Carrot Cake,Vegetable Oil,Plain Flour,Bicarbonate Of Soda,Sugar,Eggs,Salt,Cinnamon,Carrots,Walnuts
52898,Chelsea Buns,White Flour,Salt,Yeast,Milk,Butter,Eggs,Vegetable Oil,Butter,Brown Sugar
52905,Chocolate Souffle,Single Cream,Caster Sugar,Dark Chocolate,Butter,Butter,Caster Sugar,Dark Chocolate,Double Cream,Egg Yolks
52910,Chinon Apple Tarts,Puff Pastry,Dark Brown Soft Sugar,Braeburn Apples,Red Wine Jelly,Creme Fraiche,Icing Sugar,Cardamom,,
52920,Chicken Marengo,Olive Oil,Mushrooms,Chicken Legs,Passata,Chicken Stock Cube,Black Olives,Parsley,,
52923,Canadian Butter Tarts,Shortcrust Pastry,Eggs,Muscovado Sugar,Raisins,Vanilla Extract,Butter,Single Cream,Walnuts,
52934,Chicken Basquaise,Chicken,Butter,Olive Oil,Red Onions,Red Pepper,Chorizo,Sun-Dried Tomatoes,Garlic,Basmati Rice
52939,Callaloo Jamaican Style,Kale,Bacon,Garlic,Onion,Paprika,Thyme,Tomato,Red Pepper,Banana
52956,Chicken Congee,Chicken,Salt,Pepper,Ginger Cordial,Ginger,Spring Onions,Rice,Water,Coriander
52966,Chocolate Caramel Crispy,Mars Bar,Butter,Rice Krispies,Milk Chocolate,,,,,
52969,Chakchouka ,Tomatoes,Olive Oil,Onion,Red Pepper,Green Pepper,Garlic,Cumin,Paprika,Salt
52976,Cashew Ghoriba Biscuits,Cashew Nuts,Icing Sugar,Egg Yolks,Orange Blossom Water,Icing Sugar,Almonds,,,
52977,Corba,Lentils,Onion,Carrots,Tomato Puree,Cumin,Paprika,Mint,Thyme,Black Pepper
52989,Christmas Pudding Trifle,Orange,Demerara Sugar,Grand Marnier,Christmas Pudding,Custard,Mascarpone,Double Cream,Flaked Almonds,Dark Chocolate
52988,Classic Christmas pudding,Almonds,Bramley Apples,Candied Peel,Nutmeg,Raisins,Plain Flour,Breadcrumbs,Muscovado Sugar,Eggs
52990,Christmas cake,Butter,Muscovado Sugar,Plain Flour,Eggs,Ground Almonds,Sherry,Candied Peel,Glace Cherry,Raisins
52998,Corned Beef and Cabbage,Beef Brisket,Small Potatoes,Carrots,Cabbage,,,,,
52999,Crispy Sausages and Greens,Kale,Italian Fennel Sausages,Cabbage,Garlic Clove,Onion,Shiitake Mushrooms,Chicken Stock,Salt,Pepper
53011,Chicken Quinoa Greek Salad,Quinoa,Butter,Red Chilli,Garlic,Chicken Breast,Olive Oil,Black Olives,Red Onions,Feta
53016,Chick-Fil-A Sandwich,Chicken Breast,Pickle Juice,Egg,Milk,Flour,Icing Sugar,Paprika,Salt,Black Pepper
53037,Coddled pork with cider,Butter,Pork Chops,Bacon,Potatoes,Carrots,Swede,Cabbage,Bay Leaf,Cider
52785,Dal fry,Toor dal,Water,Salt,Turmeric,Ghee,Chopped tomatoes,Cumin seeds,Mustard Seeds,Bay Leaf
52899,Dundee cake,Almonds,Butter,Muscovado Sugar,Orange,Apricot Jam,Plain Flour,Baking Powder,Eggs,Ground Almonds
52907,Duck Confit,Sea Salt,Bay Leaf,Garlic,Thyme,Duck Legs,White Wine,,,
52791,Eton Mess,strawberries,double cream,meringue nests,ginger cordial,Mint,,,,
52888,Eccles Cakes,Butter,Plain Flour,Lemon,Butter,Currants,Mixed Peel,Muscovado Sugar,Cinnamon,Ginger
52895,English Breakfast,Sausages,Bacon,Mushrooms,Tomatoes,Black Pudding,Eggs,Bread,,
52944,Escovitch Fish,Red Snapper,Vegetable Oil,Garlic,Ginger,Thyme,Bay Leaf,Red Pepper,Yellow Pepper,Onion
52955,Egg Drop Soup,Chicken Stock,Salt,Sugar,Pepper,Sesame Seed Oil,Peas,Mushrooms,Cornstarch,Water
53031,Egyptian Fatteh,Beef,Onion,Chicken Stock Cube,Tomatoes,Garlic Clove,Tomato Puree,Rice,Noodles,Butter
52802,Fish pie,Floury Potatoes,Olive Oil,Semi-skimmed Milk,White Fish Fillets,Plain flour,Nutmeg,Double Cream,Jerusalem Artichokes,Leek
52815,French Lentils With Garlic and Thyme,Olive Oil,Onion,Garlic,Carrot,French Lentils,Thyme,Bay Leaf,Salt,Celery
52835,Fettucine alfredo,Clotted Cream,Butter,Corn Flour,Parmesan Cheese,Nutmeg,Fettuccine,Parsley,,
52896,Full English Breakfast,Sausages,Bacon,Mushrooms,Tomatoes,Black Pudding,Eggs,Bread,Baked Beans,
52903,French Onion Soup,Butter,Olive Oil,Onion,Sugar,Garlic Clove,Plain Flour,Dry White Wine,Beef Stock,Bread
52906,Flamiche,Butter,Leek,Salt,Creme Fraiche,Egg,Egg Yolks,Nutmeg,Plain Flour,Salt
52915,French Omelette,Eggs,Butter,Parmesan,Tarragon,Parsley,Chives,Gruyère,,
52918,Fish Stew with Rouille,Prawns,Olive Oil,Dry White Wine,Fish Stock,Fennel,Onion,Garlic,Potatoes,Orange
52919,Fennel Dauphinoise,Potatoes,Fennel,Garlic,Milk,Double Cream,Butter,Parmesan Cheese,,
52957,Fruit and Cream Cheese Breakfast Pastries,Cream Cheese,Sugar,Vanilla Extract,Flour,Puff Pastry,Strawberries,Raspberries,Blackberries,
52996,French Onion Chicken with Roasted Carrots & Mashed Potatoes,Chicken Breasts,Carrots,Small Potatoes,Onion,Beef Stock,Mozzarella,Sour Cream,Butter,Sugar
53025,Ful Medames,Broad Beans,Parsley,Olive Oil,Lemons,Garlic Clove,Cumin,,,
53030,Feteer Meshaltet,Flour,Water,Salt,Unsalted Butter,Olive Oil,,,,
53043,Fish fofos,Haddock,Potatoes,Green Chilli,Coriander,Cumin Seeds,Pepper,Garlic,Ginger,Flour
52764,Garides Saganaki,Raw king prawns,Olive oil,Chopped onion,Freshly chopped parsley,White wine,Chopped tomatoes,Minced garlic,Cubed Feta cheese,
52829,Grilled Mac and Cheese Sandwich,Macaroni,Plain Flour,Mustard Powder,Garlic powder,Kosher salt,Black pepper,Cayenne pepper,Butter,Whole Milk
52951,General Tso's Chicken,Chicken Breast,Plain Flour,Egg,Starch,Baking Powder,Salt,Onion Salt,Garlic Powder,Water
53012,Gigantes Plaki,Butter Beans,Olive Oil,Onion,Garlic Clove,Tomato Puree,Tomatoes,Sugar,Dried Oregano,Cinnamon
53021,Gołąbki (cabbage roll),Cabbage,Butter,Onion,Ground Beef,Ground Pork,Rice,Garlic,Salt,Black Pepper
53041,Grilled Portuguese sardines,Sardines,Olive Oil,Garlic,Paprika,Lemon,Rosemary,Red Chilli,,
52773,Honey Teriyaki Salmon,Salmon,Olive oil,Soy Sauce,Sake,Sesame Seed,,,,
52787,Hot Chocolate Fudge,Chocolate Chips,Heavy Cream,Condensed Milk,Vanilla Extract,White Chocolate Chips,Miniature Marshmallows,,,
52954,Hot and Sour Soup,Mushrooms,Wood Ear Mushrooms,Tofu,Pork,Chicken Stock,Salt,Sugar,Sesame Seed Oil,Pepper
52967,Home-made Mandazi,Self-raising Flour,Sugar,Eggs,Milk,,,,,
52993,Honey Balsamic Chicken with Crispy Broccoli & Potatoes,Potatoes,Broccoli,Garlic,Chicken Breast,Balsamic Vinegar,Honey,Chicken Stock,Butter,Vegetable Oil
53007,Honey Yogurt Cheesecake,Digestive Biscuits,Almonds,Butter,Greek Yogurt,Mascarpone,Eggs,Lemon,Orange,Honey
53035,Ham hock colcannon,Floury Potatoes,Butter,Garlic Clove,Cabbage,Spring Onions,Double Cream,Mustard,Ham,Eggs
52781,Irish stew,whole wheat,lamb loin chops,olive oil,shallots,carrots,turnips,celeriac,charlotte potatoes,white wine
52890,Jam Roly-Poly,Butter,Self-raising Flour,Vanilla,Suet,Milk,Raspberry Jam,Custard,,
52937,Jerk chicken with rice & peas,Chicken Thighs,Lime,Spring Onions,Ginger,Garlic,Onion,Red Chilli,Thyme,Lime
52938,Jamaican Beef Patties,Plain Flour,Salt,Curry Powder,Butter,Water,Minced Beef,Allspice,Black Pepper,Vegetable Oil
53033,Japanese gohan rice,Sushi Rice,Mirin,Pickle Juice,Spring Onions,,,,,
53034,Japanese Katsudon,Vegetable Oil,Onion,Pork,Vegetable Stock,Soy Sauce,Mirin,Sugar,Eggs,Sushi Rice
52769,Kapsalon,Fries,Doner Meat,Garlic sauce,Hotsauce,Lettuce,Tomato,Cucumber,Gouda cheese,
52813,Kentucky Fried Chicken,Chicken,Oil,Egg White,Flour,Brown Sugar,Salt,paprika,onion salt,chili powder
52820,Katsu Chicken curry,chicken breast,plain flour,egg,breadcrumbs,vegetable oil,sunflower oil,onions,garlic,carrot
52859,Key Lime Pie,Digestive Biscuits,Butter,Condensed Milk,Egg Yolks,Lime,Double Cream,Icing Sugar,Lime,
52868,Kidney Bean Curry,Vegetable Oil,Onion,Garlic,Ginger,Coriander,Cumin,Paprika,Garam Masala,Chopped Tomatoes
52887,Kedgeree,Smoked Haddock,Bay Leaves,Milk,Eggs,Parsley,Coriander,Vegetable Oil,Onion,Coriander
52945,Kung Pao Chicken,Sake,Soy Sauce,Sesame Seed Oil,Corn Flour,Water,Chicken,Chilli Powder,Rice Vinegar,Brown Sugar
52946,Kung Po Prawns,Prawns,Soy Sauce,Tomato Puree,Corn Flour,Caster Sugar,Sunflower Oil,Peanuts,Chilli,Brown Sugar
52971,Kafteji,Potatoes,Olive Oil,Green Pepper,Onions,Ras el hanout,Pumpkin,Eggs,Salt,Pepper
52974,Keleya Zaara,Olive Oil,Lamb,Saffron,Onion,Water,Parsley,Butter,Lemon,
52978,Kumpir,Potatoes,Butter,Cheese,Onion,Red Pepper,Red Chile Flakes,,,
53015,Krispy Kreme Donut,Yeast,Water,Water,Sugar,Salt,Eggs,Shortening,Flour,Canola Oil
53027,Koshari,Brown Lentils,Rice,Coriander,Macaroni,Chickpeas,Onion,Salt,Vegetable Oil,
52782,Lamb tomato and sweet spices,olive oil,ginger,garlic,tomatoes,lemon juice,caster sugar,vine leaves,fennel bulb,lamb mince
52805,Lamb Biryani,Cashew nuts,Khus khus,Cumin seeds,Onions,Ginger garlic paste,Garlic,Mint,Cilantro,Saffron
52808,Lamb Rogan josh,Onion,Sunflower Oil,Garlic,Ginger,Madras Paste,Paprika,cinnamon stick,Cardamom,Clove
52821,Laksa King Prawn Noodles,Olive Oil,red chili,Thai red curry paste,vegetable stock cube,coconut milk,fish sauce,rice noodles,lime,king prawns
52843,Lamb Tagine,Olive Oil,Onion,Carrots,Lamb Leg,Garlic,Cumin,Ginger,Saffron,Cinnamon
52844,Lasagne,Olive Oil,Bacon,Onion,Celery,Carrots,Garlic,Minced Beef,Tomato Puree,Chopped Tomatoes
52877,Lamb and Potato pie,Lamb Shoulder,Flour,Vegetable Oil,Onion,Carrots,Vegetable Stock,Potatoes,Shortcrust Pastry,Eggs
52884,Lancashire hotpot,Butter,Lamb,Lamb Kidney,Onions,Carrots,Plain Flour,Worcestershire Sauce,Chicken Stock,Bay Leaves
52973,Leblebi Soup,Olive Oil,Onion,Chickpeas,Vegetable Stock,Cumin,Garlic,Salt,Harissa Spice,Pepper
52987,Lasagna Sandwiches,Sour Cream,Chopped Onion,Dried Oregano,Salt,Bread,Bacon,Tomato,Mozzarella,Butter
53009,Lamb and Lemon Souvlaki,Garlic,Sea Salt,Olive Oil,Lemon,Dill,Lamb Leg,Pita Bread,,
53010,Lamb Tzatziki Burgers,Bulgur Wheat,Lamb Mince,Cumin,Coriander,Paprika,Garlic,Olive Oil,Bun,Cucumber
52777,Mediterranean Pasta Salad,mozzarella balls,baby plum tomatoes,fresh basil,farfalle,extra virgin olive oil,Green Olives,tuna,salt,pepper
52827,Massaman Beef curry,Peanuts,Coconut cream,Massaman curry paste,Beef,Potatoes,Onion,Lime,Cinnamon stick,Tamarind paste
52864,Mushroom & Chestnut Rotolo,Mushrooms,Chestnuts,Challots,Garlic,Rosemary,Wild Mushrooms,Soy Sauce,White Wine,Lasagne Sheets
52865,Matar Paneer,Sunflower Oil,Paneer,Ginger,Cumin,Turmeric,Coriander,Green Chilli,Tomato,Peas
52876,Minced Beef Pie,Vegetable Oil,Minced Beef,Onion,Tomato Puree,Plain Flour,Mushrooms,Beef Stock,Worcestershire Sauce,Shortcrust Pastry
52880,McSinghs Scotch pie,Cumin,Rapeseed Oil,Red Onions,Garlic Clove,Green Chilli,Red Pepper,Nutmeg,Coriander,Lamb Mince
52900,Madeira Cake,Butter,Caster Sugar,Eggs,Self-raising Flour,Milk,Lemon,Mixed Peel,,
52927,Montreal Smoked Meat,Beef Brisket,Salt,Black Pepper,Coriander,Sugar,Bay Leaf,Cloves,Black Pepper,Coriander
52947,Ma Po Tofu,Tofu,Minced Beef,Sesame Seed Oil,Doubanjiang,Fermented Black Beans,Pepper,Salt,Sichuan pepper,Soy Sauce
52968,Mbuzi Choma (Roasted Goat),Goat Meat,Corn Flour,Tomatoes,Salt,Onion,Green Chilli,Coriander Leaves,,
52991,Mince Pies,Butter,Plain Flour,Caster Sugar,Mincemeat,Egg,Icing Sugar,,,
53006,Moussaka,Beef,Aubergine,Greek Yogurt,Egg,Parmesan,Tomato,Tomato Puree,Potatoes,
53029,Mulukhiyah,Mulukhiyah,Onion,Beef,Salt,Water,Garlic Clove,Olive Oil,,
53038,Mustard champ,Potatoes,Milk,Butter,Mustard,Spring Onions,Spring Onions,,,
53047,Moroccan Carrot Soup,Carrots,Onion,Garlic Clove,Cumin,Coriander,Olive Oil,Garam Masala,Lemon Juice,
52851,Nutty Chicken Curry,Red Chilli,Ginger,Garlic,Coriander,Sunflower Oil,Chicken Breasts,Peanut Butter,Chicken Stock,Greek Yogurt
52858,New York cheesecake,Butter,Sour Cream,Sugar,Cream Cheese,Caster Sugar,Plain Flour,Lemon Juice,Eggs,Sour Cream
52924,Nanaimo Bars,Custard,Caster Sugar,Cocoa,Egg,Digestive Biscuits,Desiccated Coconut,Almonds,Butter,Double Cream
52810,Osso Buco alla Milanese,Veal,Flour,Olive Oil,Butter,Onion,Carrot,Celery,Fennel,Garlic
52943,Oxtail with broad beans,Oxtail,Onion,Spring Onions,Garlic,Ginger,Scotch Bonnet,Soy Sauce,Fresh Thyme,Vegetable Oil
52774,Pad See Ew,rice stick noodles,dark soy sauce,oyster sauce,soy sauce,white vinegar,sugar,water,peanut oil,garlic
52780,Potato Gratin with Chicken,Potatoes,Onions,Olive Oil,Chicken Stock,Creme Fraiche,Parmesan,Chicken Breasts,Bacon,Spinach
52804,Poutine,Vegetable Oil,Beef Gravy,Potatoes,Cheese Curds,,,,,
52837,Pilchard puttanesca,Spaghetti,Olive Oil,Onion,Garlic,Red Chilli,Tomato Puree,Pilchards,Black Olives,Parmesan
52847,Pork Cassoulet,Goose Fat,Pork,Onion,Garlic,Carrots,Fennel Seeds,Red Wine Vinegar,Vegetable Stock,Tomato Puree
52854,Pancakes,Flour,Eggs,Milk,Sunflower Oil,Sugar,Raspberries,Blueberries,,
52857,Pumpkin Pie,Pumpkin,Shortcrust Pastry,Plain Flour,Caster Sugar,Salt,Nutmeg,Cinnamon,Eggs,Butter
52861,Peanut Butter Cheesecake,Butter,Peanut Cookies,Gelatine Leafs,Ricotta,Peanut Butter,Golden Syrup,Milk,Double Cream,Light Brown Soft Sugar
52862,Peach & Blueberry Grunt,Corn Flour,Orange,Orange,Caster Sugar,Peaches,Blueberries,Self-raising Flour,Butter,Muscovado Sugar
52902,Parkin Cake,Butter,Egg,Milk,Golden Syrup,Black Treacle,Brown Sugar,Oatmeal,Self-raising Flour,Ground Ginger
52916,Pear Tarte Tatin,Pears,Caster Sugar,Butter,Star Anise,Cardamom,Cinnamon,Brandy,Puff Pastry,
52921,Provençal Omelette Cake,Eggs,Olive Oil,Courgettes,Spring Onions,Red Pepper,Garlic Clove,Red Chilli,Cream Cheese,Milk
52922,Prawn & Fennel Bisque,Tiger Prawns,Olive Oil,Onion,Fennel,Carrots,Dry White Wine,Brandy,Chopped Tomatoes,Fish Stock
52930,Pate Chinois,Potatoes,Butter,Milk,Minced Beef,Onion,Creamed Corn,Paprika,Parsley,Salt
52932,Pouding chomeur,Butter,Sugar,Eggs,Vanilla Extract,Flour,Baking Powder,Milk,Maple Syrup,Brown Sugar
52958,Peanut Butter Cookies,Peanut Butter,Sugar,Egg,,,,,,
53014,Pizza Express Margherita,Water,Sugar,Yeast,Plain Flour,Salt,Olive Oil,Passata,Mozzarella,Oregano
53017,Paszteciki (Polish Pasties),Flour,Salt,Egg,Egg,Butter,Butter,Onion,Swede,Beef Brisket
53019,Pierogi (Polish Dumplings),Butter,Chopped Onion,Sauerkraut,Butter,Chopped Onion,Potatoes,Eggs,Sour Cream,Flour
53022,Polskie Naleśniki (Polish Pancakes),Flour,Eggs,Milk,Water,Salt,Sugar,Butter,,
53039,Piri-piri chicken and slaw,Chicken,Red Chilli,Garlic,Ginger,Dried Oregano,Coriander,Paprika,Red Wine Vinegar,Oil
53042,Portuguese prego with green piri-piri,Garlic,Beef Fillet,Olive Oil,Vinegar,Parsley,Ciabatta,Rocket,Basil Leaves,Parsley
53044,Portuguese barbecued pork (Febras assadas),Pork,White Wine,Paprika,Lemon,Lemon Juice,Olive Oil,Mayonnaise,Potatoes,Vegetable Oil
53045,Portuguese fish stew (Caldeirada de peixe),Onions,Red Pepper,Coriander,Red Chilli,Garlic,Dry White Wine,Saffron,Bay Leaf,Potatoes
53046,Portuguese custard tarts,Plain Flour,Icing Sugar,Puff Pastry,Caster Sugar,Lemon Zest,Cinnamon,Eggs,Egg Yolks,Corn Flour
52783,Rigatoni with fennel sausage sauce,olive oil,Italian fennel sausages,onion,fennel bulb,smoky paprika,garlic,fennel seeds,red wine,chopped tomatoes
52786,Rocky Road Fudge,Miniature Marshmallows,Chocolate Chips,Peanut Butter,Vanilla Extract,Peanuts,,,,
52809,Recheado Masala Fish,Mackerel,Red Chili,Ginger,Garlic,Pepper,Cumin,Turmeric,Cinnamon stick,Clove
52811,Ribollita,Olive Oil,Onion,Carrot,Celery,Garlic,Cannellini Beans,Canned tomatoes,Water,Rosemary
52816,"Roasted Eggplant With Tahini, Pine Nuts, and Lentils",Olive Oil,Carrots,Celery,Onion,Garlic,Brown Lentils,Bay Leaves,Water,Salt
52901,Rock Cakes,Self-raising Flour,Caster Sugar,Baking Powder,Butter,Dried Fruit,Eggs,Milk,Vanilla Extract,
52908,Ratatouille,Aubergine,Courgettes,Yellow Pepper,Tomato,Olive Oil,Basil,Onion,Garlic Clove,Red Wine Vinegar
52933,Rappie Pie,Butter,Onions,Chicken Stock,Chicken Breast,Potatoes,Salt,Black Pepper,,
52941,Red Peas Soup,Kidney Beans,Carrots,Spring Onions,Thyme,Onion,Black Pepper,Red Pepper,Garlic Clove,Allspice
52942,Roast fennel and aubergine paella,Baby Aubergine,Fennel,Red Pepper,Courgettes,Onion,Paella Rice,Paprika,Saffron,White Wine
53020,Rosół (Polish Chicken Soup),Chicken Legs,Onions,Carrots,Leek,Celery,Cabbage,Cloves,Allspice,Bay Leaf
53024,Rogaliki (Polish Croissant Cookies),Butter,Egg Yolks,Cream Cheese,Baking Powder,Flour,Jam,,,
52770,Spaghetti Bolognese,onions,olive oil,garlic,lean minced beef,mushrooms,dried oregano,tomatoes,hot beef stock,tomato puree
52771,Spicy Arrabiata Penne,penne rigate,olive oil,garlic,chopped tomatoes,red chile flakes,italian seasoning,basil,Parmigiano-Reggiano,
52784,Smoky Lentil Chili with Squash,Olive Oil,Onion,Leek,Garlic,Cumin,Coriander,Smoked Paprika,Cinnamon,Chili Powder
52793,Sticky Toffee Pudding Ultimate,Medjool dates,water,vanilla extract,self-raising flour,bicarbonate of soda,eggs,butter,demerara sugar,black treacle
52797,Spicy North African Potato Salad,Small Potatoes,Harissa Spice,olive oil,Lemon,Spring onions,Rocket,Feta,Mint,Pine nuts
52817,"Stovetop Eggplant With Harissa, Chickpeas, and Cumin Yogurt",Olive Oil,Egg Plants,Harissa,Chickpeas,Cherry Tomatoes,Greek yogurt,Ground cumin,Parsley,
52823,Salmon Prawn Risotto,butter,onion,rice,white wine,vegetable stock,lemon,King Prawns,salmon,asparagus
52833,Salted Caramel Cheescake,Digestive Biscuits,Pretzels,Butter,Cream Cheese,Vanilla Extract,Icing Sugar,Caramel,Sea Salt,Double Cream
52836,Seafood fideuà,Mussels,Prawns,Saffron,Vermicelli,Olive Oil,Onions,Garlic,Paprika,Monkfish
52849,Spinach & Ricotta Cannelloni,Olive Oil,Garlic,Caster Sugar,Red Wine Vinegar,Chopped Tomatoes,Basil Leaves,Mascarpone,Milk,Parmesan
52866,Squash linguine,Butternut Squash,Garlic,Olive Oil,Linguine Pasta,Sage,,,,
52872,Spanish Tortilla,Onion,Olive Oil,Butter,Potatoes,Garlic,Eggs,Parsley,Baguette,Vine Tomatoes
52881,Steak and Kidney Pie,Puff Pastry,Egg White,Egg Yolks,Vegetable Oil,Beef,Lamb Kidney,Onions,Plain Flour,Beef Stock
52883,Sticky Toffee Pudding,Butter,Muscovado Sugar,Eggs,Self-raising Flour,Baking Powder,Bicarbonate Of Soda,Black Treacle,Milk,Double Cream
52886,Spotted Dick,Self-raising Flour,Salt,Suet,Currants,Caster Sugar,Lemon,Orange,Milk,Custard
52889,Summer Pudding,Strawberries,Blackberries,Redcurrants,Raspberries,Caster Sugar,Bread,,,
52911,Summer Pistou,Rapeseed Oil,Leek,Courgettes,Vegetable Stock,Cannellini Beans,Green Beans,Tomatoes,Garlic Clove,Basil
52925,Split Pea Soup,Ham,Peas,Onions,Carrots,Bay Leaves,Celery,Frozen Peas,Bread,
52931,Sugar Pie,Brown Sugar,Butter,Eggs,Vanilla Extract,Salt,Plain Flour,Milk,,
52935,Steak Diane,Canola Oil,Beef Fillet,Beef Stock,Butter,Garlic,Challots,Mushrooms,Brandy,Heavy Cream
52936,Saltfish and Ackee,Salt Cod,Ackee,Onion,Paprika,Curry Powder,Jerusalem Artichokes,Hotsauce,Red Pepper,Yellow Pepper
52949,Sweet and Sour Pork,Pork,Egg,Water,Salt,Sugar,Soy Sauce,Starch,Tomato Puree,Vinegar
52950,Szechuan Beef,Beef,Salt,Sesame Seed Oil,Pepper,Egg White,Starch,Oil,Ginger,Garlic
52953,Shrimp Chow Fun,Rice Stick Noodles,Prawns,Egg,Pepper,Sesame Seed Oil,Cornstarch,Oil,Minced Garlic,Ginger
52960,Salmon Avocado Salad,Salmon,Avocado,Cucumber,Spinach,Mint,Lime,Honey,Olive Oil,
52962,Salmon Eggs Eggs Benedict,Eggs,White Wine Vinegar,English Muffins,Butter,Smoked Salmon,Lemon Juice,White Wine Vinegar,Egg,Unsalted Butter
52963,Shakshuka,Olive Oil,Red Onions,Red Chilli,Garlic,Coriander,Cherry Tomatoes,Caster Sugar,Eggs,Feta
52964,Smoked Haddock Kedgeree,Butter,Onion,Cardamom,Turmeric,Cinnamon Stick,Bay Leaf,Basmati Rice,Chicken Stock,Smoked Haddock
52980,Stamppot,Potatoes,Bay Leaf,Shallots,Butter,Kale,Sausages,Milk,Nutmeg,Salt
52981,Snert (Dutch Split Pea Soup),Water,Peas,Pork,Vegetable Stock Cube,Celery,Carrots,Potatoes,Onion,Leek
52982,Spaghetti alla Carbonara,Spaghetti,Egg Yolks,Salt,Bacon,Pecorino,Black Pepper,,,
52992,Soy-Glazed Meatloaves with Wasabi Mashed Potatoes & Roasted Carrots,Potatoes,Carrots,Scallions,Garlic,Bread,Garlic Powder,Soy Sauce,Ground Beef,Vegetable Oil
52994,Skillet Apple Pork Chops with Roasted Sweet Potatoes & Zucchini,Potatoes,Apples,Garlic,Lemon,Pork,Zucchini,Chicken Stock,Vegetable Oil,Sugar
53005,Strawberry Rhubarb Pie,Flour,Salt,Sugar,Butter,Water,Rhubarb,Strawberries,Cornstarch,Sugar
53008,Stuffed Lamb Tomatoes,Tomatoes,Sugar,Olive Oil,Onion,Garlic Clove,Lamb,Cinnamon,Tomato Puree,Rice
53023,Sledz w Oleju (Polish Herrings),Herring,Onion,Olive Oil,Allspice,Pepper,Bay Leaf,,,
53028,Shawarma,Chicken Thighs,Coriander,Cumin,Cardamom,Cayenne Pepper,Paprika,Lemon Juice,Olive Oil,Greek Yogurt
53040,Spring onion and prawn empanadas,Spring Onions,Olive Oil,Red Chilli,Garlic,Prawns,Feta,Butter,Plain Flour,Egg
52772,Teriyaki Chicken Casserole,soy sauce,water,brown sugar,ground ginger,minced garlic,cornstarch,chicken breasts,stir-fry vegetables,brown rice
52806,Tandoori chicken,lemons,paprika,red onions,chicken thighs,vegetable oil,Greek yogurt,ginger,garlic clove,garam masala
52814,Thai Green Curry,potatoes,green beans,sunflower oil,garlic,Thai green curry paste,coconut milk,Thai fish sauce,Sugar,Chicken
52822,Toad In The Hole,sausages,vegetable oil,plain flour,eggs,horseradish,milk,cherry tomatoes,,
52845,Turkey Meatloaf,Olive Oil,Onion,Garlic,Worcestershire Sauce,Tomato Puree,Turkey Mince,Eggs,Breadcrumbs,Barbeque Sauce
52852,Tuna Nicoise,Potatoes,Olive Oil,Eggs,Red Wine Vinegar,Capers,Sunflower Oil,Red Onions,Spinach,Tuna
52869,Tahini Lentils,Tahini,Lemon,Olive Oil,Red Onions,Garlic,Yellow Pepper,Green Beans,Courgettes,Kale
52882,Three Fish Pie,Potatoes,Butter,Milk,Gruyère,Butter,Leek,Plain Flour,White Wine,Milk
52892,Treacle Tart,Plain Flour,Butter,Golden Syrup,Breadcrumbs,Lemons,Eggs,,,
52909,Tarte Tatin,Puff Pastry,Plain Flour,Braeburn Apples,Caster Sugar,Butter,Creme Fraiche,,,
52912,Three-cheese souffles,Butter,Parmesan,Milk,Bay Leaves,Plain Flour,English Mustard,Cayenne Pepper,Gruyère,Eggs
52926,Tourtiere,Potatoes,Sunflower Oil,Minced Pork,Onion,Garlic Clove,Cinnamon,Allspice,Nutmeg,Vegetable Stock
52929,Timbits,Flour,Sugar,Baking Powder,Salt,Egg,Milk,Oil,Oil,Icing Sugar
52970,Tunisian Orange Cake,Orange,Caster Sugar,Olive Oil,Flour,Baking Powder,Eggs,Vanilla Extract,,
52972,Tunisian Lamb Soup,Lamb Mince,Garlic,Onion,Spinach,Tomato Puree,Cumin,Chicken Stock,Harissa Spice,Chickpeas
52975,Tuna and Egg Briks,Olive Oil,Spring Onions,Spinach,Filo Pastry,Tuna,Eggs,Hotsauce,Tomatoes,Cucumber
53026,Tamiya,Broad Beans,Spring Onions,Garlic Clove,Parsley,Cumin,Baking Powder,Cayenne Pepper,Flour,Vegetable Oil
53032,Tonkatsu pork,Pork Chops,Flour,Eggs,Breadcrumbs,Vegetable Oil,Tomato Ketchup,Worcestershire Sauce,Oyster Sauce,Caster Sugar
52775,Vegan Lasagna,green red lentils,carrot,onion,zucchini,coriander,spinach,lasagne sheets,vegan butter,flour
52794,Vegan Chocolate Cake,self raising flour,coco sugar,cacao,baking powder,flax eggs,almond milk,vanilla,water,
52828,Vietnamese Grilled Pork (bun-thit-nuong),Pork,Rice Vermicelli,Egg Rolls,Challots,Garlic,Sugar,Fish Sauce,Soy sauce,Pepper
52838,Venetian Duck Ragu,Olive Oil,Duck Legs,Onions,Garlic,Cinnamon,Plain Flour,Red Wine,Chopped Tomatoes,Chicken Stock Cube
52863,Vegetarian Casserole,Rapeseed Oil,Onion,Garlic,Paprika,Cumin,Thyme,Carrots,Celery,Red Pepper
52867,Vegetarian Chilli,Roasted Vegetables,Kidney Beans,Chopped Tomatoes,Mixed Grain,,,,,
53000,Vegetable Shepherd’s Pie,Potatoes,Small Potatoes,Salted Butter,Mushrooms,Brown Lentils,Garlic,Kosher Salt,Onion,Tomato Puree
52917,White chocolate creme brulee,Double Cream,White Chocolate Chips,Vanilla,Egg Yolks,Caster Sugar,Caster Sugar,,,
52948,Wontons,Pork,Garlic Clove,Ginger,Soy Sauce,Sesame Seed Oil,Carrots,Celery,Spring Onions,Wonton Skin
52871,Yaki Udon,Udon Noodles,Sesame Seed Oil,Onion,Cabbage,Shiitake Mushrooms,Spring Onions,Mirin,Soy Sauce,Caster Sugar
